{
    "Objects": [
        {
            "name": "Land_Submarine_Back",
            "pos": [
                6984.60107421875,
                -0.8183603286743164,
                2529.1484375
            ],
            "ypr": [
                -35.99998474121094,
                0.0,
                0.0
            ],
            "scale": 0.9999999403953552,
            "enableCEPersistency": 0
        },
        {
            "name": "Land_Submarine_Middle",
            "pos": [
                6955.39013671875,
                4.78000020980835,
                2569.389892578125
            ],
            "ypr": [
                -35.999996185302737,
                0.0,
                0.0
            ],
            "scale": 1.0,
            "enableCEPersistency": 0
        },
        {
            "name": "Land_Submarine_Front",
            "pos": [
                6926.25,
                2.9000000953674318,
                2609.590087890625
            ],
            "ypr": [
                -35.999996185302737,
                0.0,
                0.0
            ],
            "scale": 1.0,
            "enableCEPersistency": 0
        }
    ]
}